CHAMBER,SCIFI_NUMBER,SFP,DEV,SENSOR
FPF2,1,0,0,FPGA
FPF2,1,0,0,SIPM
FPF2,1,0,0,FEB
FPF2,1,0,1,FPGA
FPF2,1,0,1,SIPM
FPF2,1,0,1,FEB
FPF2,1,0,2,FPGA
FPF2,1,0,2,SIPM
FPF2,1,0,2,FEB
FPF2,1,0,3,FPGA
FPF2,1,0,3,SIPM
FPF2,1,0,3,FEB
FPF2,1,0,4,FPGA
FPF2,1,0,4,SIPM
FPF2,1,0,4,FEB
FPF2,1,0,5,FPGA
FPF2,1,0,5,SIPM
FPF2,1,0,5,FEB
FPF2,1,1,0,FPGA
FPF2,1,1,0,SIPM
FPF2,1,1,0,FEB
FPF2,1,1,1,FPGA
FPF2,1,1,1,SIPM
FPF2,1,1,1,FEB
FPF2,1,2,0,FPGA
FPF2,1,2,0,SIPM
FPF2,1,2,0,FEB
FPF2,1,2,1,FPGA
FPF2,1,2,1,SIPM
FPF2,1,2,1,FEB
FPF2,1,2,2,FPGA
FPF2,1,2,2,SIPM
FPF2,1,2,2,FEB
FPF2,1,2,3,FPGA
FPF2,1,2,3,SIPM
FPF2,1,2,3,FEB
FPF2,1,2,4,FPGA
FPF2,1,2,4,SIPM
FPF2,1,2,4,FEB
FPF2,1,2,5,FPGA
FPF2,1,2,5,SIPM
FPF2,1,2,5,FEB
FPF2,1,3,0,FPGA
FPF2,1,3,0,SIPM
FPF2,1,3,0,FEB
FPF2,1,3,1,FPGA
FPF2,1,3,1,SIPM
FPF2,1,3,1,FEB
FPF2,2,0,0,FPGA
FPF2,2,0,0,SIPM
FPF2,2,0,0,FEB
FPF2,2,0,1,FPGA
FPF2,2,0,1,SIPM
FPF2,2,0,1,FEB
FPF2,2,0,2,FPGA
FPF2,2,0,2,SIPM
FPF2,2,0,2,FEB
FPF2,2,0,3,FPGA
FPF2,2,0,3,SIPM
FPF2,2,0,3,FEB
FPF2,2,0,4,FPGA
FPF2,2,0,4,SIPM
FPF2,2,0,4,FEB
FPF2,2,0,5,FPGA
FPF2,2,0,5,SIPM
FPF2,2,0,5,FEB
FPF2,2,1,0,FPGA
FPF2,2,1,0,SIPM
FPF2,2,1,0,FEB
FPF2,2,1,1,FPGA
FPF2,2,1,1,SIPM
FPF2,2,1,1,FEB
FPF2,2,2,0,FPGA
FPF2,2,2,0,SIPM
FPF2,2,2,0,FEB
FPF2,2,2,1,FPGA
FPF2,2,2,1,SIPM
FPF2,2,2,1,FEB
FPF2,2,2,2,FPGA
FPF2,2,2,2,SIPM
FPF2,2,2,2,FEB
FPF2,2,2,3,FPGA
FPF2,2,2,3,SIPM
FPF2,2,2,3,FEB
FPF2,2,2,4,FPGA
FPF2,2,2,4,SIPM
FPF2,2,2,4,FEB
FPF2,2,2,5,FPGA
FPF2,2,2,5,SIPM
FPF2,2,2,5,FEB
FPF2,2,3,0,FPGA
FPF2,2,3,0,SIPM
FPF2,2,3,0,FEB
FPF2,2,3,1,FPGA
FPF2,2,3,1,SIPM
FPF2,2,3,1,FEB
FPF3,1,0,0,FPGA
FPF3,1,0,0,SIPM
FPF3,1,0,0,FEB
FPF3,1,0,1,FPGA
FPF3,1,0,1,SIPM
FPF3,1,0,1,FEB
FPF3,1,0,2,FPGA
FPF3,1,0,2,SIPM
FPF3,1,0,2,FEB
FPF3,1,0,3,FPGA
FPF3,1,0,3,SIPM
FPF3,1,0,3,FEB
FPF3,1,0,4,FPGA
FPF3,1,0,4,SIPM
FPF3,1,0,4,FEB
FPF3,1,0,5,FPGA
FPF3,1,0,5,SIPM
FPF3,1,0,5,FEB
FPF3,1,1,0,FPGA
FPF3,1,1,0,SIPM
FPF3,1,1,0,FEB
FPF3,1,1,1,FPGA
FPF3,1,1,1,SIPM
FPF3,1,1,1,FEB
FPF3,1,2,0,FPGA
FPF3,1,2,0,SIPM
FPF3,1,2,0,FEB
FPF3,1,2,1,FPGA
FPF3,1,2,1,SIPM
FPF3,1,2,1,FEB
FPF3,1,2,2,FPGA
FPF3,1,2,2,SIPM
FPF3,1,2,2,FEB
FPF3,1,2,3,FPGA
FPF3,1,2,3,SIPM
FPF3,1,2,3,FEB
FPF3,1,2,4,FPGA
FPF3,1,2,4,SIPM
FPF3,1,2,4,FEB
FPF3,1,2,5,FPGA
FPF3,1,2,5,SIPM
FPF3,1,2,5,FEB
FPF3,1,3,0,FPGA
FPF3,1,3,0,SIPM
FPF3,1,3,0,FEB
FPF3,1,3,1,FPGA
FPF3,1,3,1,SIPM
FPF3,1,3,1,FEB
FPF4,1,0,0,FPGA
FPF4,1,0,0,SIPM
FPF4,1,0,0,FEB
FPF4,1,0,1,FPGA
FPF4,1,0,1,SIPM
FPF4,1,0,1,FEB
FPF4,1,0,2,FPGA
FPF4,1,0,2,SIPM
FPF4,1,0,2,FEB
FPF4,1,0,3,FPGA
FPF4,1,0,3,SIPM
FPF4,1,0,3,FEB
FPF4,1,0,4,FPGA
FPF4,1,0,4,SIPM
FPF4,1,0,4,FEB
FPF4,1,0,5,FPGA
FPF4,1,0,5,SIPM
FPF4,1,0,5,FEB
FPF4,1,1,0,FPGA
FPF4,1,1,0,SIPM
FPF4,1,1,0,FEB
FPF4,1,1,1,FPGA
FPF4,1,1,1,SIPM
FPF4,1,1,1,FEB
FPF4,1,2,0,FPGA
FPF4,1,2,0,SIPM
FPF4,1,2,0,FEB
FPF4,1,2,1,FPGA
FPF4,1,2,1,SIPM
FPF4,1,2,1,FEB
FPF4,1,2,2,FPGA
FPF4,1,2,2,SIPM
FPF4,1,2,2,FEB
FPF4,1,2,3,FPGA
FPF4,1,2,3,SIPM
FPF4,1,2,3,FEB
FPF4,1,2,4,FPGA
FPF4,1,2,4,SIPM
FPF4,1,2,4,FEB
FPF4,1,2,5,FPGA
FPF4,1,2,5,SIPM
FPF4,1,2,5,FEB
FPF4,1,3,0,FPGA
FPF4,1,3,0,SIPM
FPF4,1,3,0,FEB
FPF4,1,3,1,FPGA
FPF4,1,3,1,SIPM
FPF4,1,3,1,FEB
FPF4,2,0,0,FPGA
FPF4,2,0,0,SIPM
FPF4,2,0,0,FEB
FPF4,2,0,1,FPGA
FPF4,2,0,1,SIPM
FPF4,2,0,1,FEB
FPF4,2,0,2,FPGA
FPF4,2,0,2,SIPM
FPF4,2,0,2,FEB
FPF4,2,0,3,FPGA
FPF4,2,0,3,SIPM
FPF4,2,0,3,FEB
FPF4,2,0,4,FPGA
FPF4,2,0,4,SIPM
FPF4,2,0,4,FEB
FPF4,2,0,5,FPGA
FPF4,2,0,5,SIPM
FPF4,2,0,5,FEB
FPF4,2,1,0,FPGA
FPF4,2,1,0,SIPM
FPF4,2,1,0,FEB
FPF4,2,1,1,FPGA
FPF4,2,1,1,SIPM
FPF4,2,1,1,FEB
FPF4,2,2,0,FPGA
FPF4,2,2,0,SIPM
FPF4,2,2,0,FEB
FPF4,2,2,1,FPGA
FPF4,2,2,1,SIPM
FPF4,2,2,1,FEB
FPF4,2,2,2,FPGA
FPF4,2,2,2,SIPM
FPF4,2,2,2,FEB
FPF4,2,2,3,FPGA
FPF4,2,2,3,SIPM
FPF4,2,2,3,FEB
FPF4,2,2,4,FPGA
FPF4,2,2,4,SIPM
FPF4,2,2,4,FEB
FPF4,2,2,5,FPGA
FPF4,2,2,5,SIPM
FPF4,2,2,5,FEB
FPF4,2,3,0,FPGA
FPF4,2,3,0,SIPM
FPF4,2,3,0,FEB
FPF4,2,3,1,FPGA
FPF4,2,3,1,SIPM
FPF4,2,3,1,FEB
FMF1,1,0,0,FPGA
FMF1,1,0,0,SIPM
FMF1,1,0,0,FEB
FMF1,1,0,1,FPGA
FMF1,1,0,1,SIPM
FMF1,1,0,1,FEB
FMF1,1,0,2,FPGA
FMF1,1,0,2,SIPM
FMF1,1,0,2,FEB
FMF1,1,0,3,FPGA
FMF1,1,0,3,SIPM
FMF1,1,0,3,FEB
FMF1,1,0,4,FPGA
FMF1,1,0,4,SIPM
FMF1,1,0,4,FEB
FMF1,1,0,5,FPGA
FMF1,1,0,5,SIPM
FMF1,1,0,5,FEB
FMF1,1,1,0,FPGA
FMF1,1,1,0,SIPM
FMF1,1,1,0,FEB
FMF1,1,1,1,FPGA
FMF1,1,1,1,SIPM
FMF1,1,1,1,FEB
FMF1,1,2,0,FPGA
FMF1,1,2,0,SIPM
FMF1,1,2,0,FEB
FMF1,1,2,1,FPGA
FMF1,1,2,1,SIPM
FMF1,1,2,1,FEB
FMF1,1,2,2,FPGA
FMF1,1,2,2,SIPM
FMF1,1,2,2,FEB
FMF1,1,2,3,FPGA
FMF1,1,2,3,SIPM
FMF1,1,2,3,FEB
FMF1,1,2,4,FPGA
FMF1,1,2,4,SIPM
FMF1,1,2,4,FEB
FMF1,1,2,5,FPGA
FMF1,1,2,5,SIPM
FMF1,1,2,5,FEB
FMF1,1,3,0,FPGA
FMF1,1,3,0,SIPM
FMF1,1,3,0,FEB
FMF1,1,3,1,FPGA
FMF1,1,3,1,SIPM
FMF1,1,3,1,FEB
FMF1,2,0,0,FPGA
FMF1,2,0,0,SIPM
FMF1,2,0,0,FEB
FMF1,2,0,1,FPGA
FMF1,2,0,1,SIPM
FMF1,2,0,1,FEB
FMF1,2,0,2,FPGA
FMF1,2,0,2,SIPM
FMF1,2,0,2,FEB
FMF1,2,0,3,FPGA
FMF1,2,0,3,SIPM
FMF1,2,0,3,FEB
FMF1,2,0,4,FPGA
FMF1,2,0,4,SIPM
FMF1,2,0,4,FEB
FMF1,2,0,5,FPGA
FMF1,2,0,5,SIPM
FMF1,2,0,5,FEB
FMF1,2,1,0,FPGA
FMF1,2,1,0,SIPM
FMF1,2,1,0,FEB
FMF1,2,1,1,FPGA
FMF1,2,1,1,SIPM
FMF1,2,1,1,FEB
FMF1,2,2,0,FPGA
FMF1,2,2,0,SIPM
FMF1,2,2,0,FEB
FMF1,2,2,1,FPGA
FMF1,2,2,1,SIPM
FMF1,2,2,1,FEB
FMF1,2,2,2,FPGA
FMF1,2,2,2,SIPM
FMF1,2,2,2,FEB
FMF1,2,2,3,FPGA
FMF1,2,2,3,SIPM
FMF1,2,2,3,FEB
FMF1,2,2,4,FPGA
FMF1,2,2,4,SIPM
FMF1,2,2,4,FEB
FMF1,2,2,5,FPGA
FMF1,2,2,5,SIPM
FMF1,2,2,5,FEB
FMF1,2,3,0,FPGA
FMF1,2,3,0,SIPM
FMF1,2,3,0,FEB
FMF1,2,3,1,FPGA
FMF1,2,3,1,SIPM
FMF1,2,3,1,FEB
FMF2,1,0,0,FPGA
FMF2,1,0,0,SIPM
FMF2,1,0,0,FEB
FMF2,1,0,1,FPGA
FMF2,1,0,1,SIPM
FMF2,1,0,1,FEB
FMF2,1,0,2,FPGA
FMF2,1,0,2,SIPM
FMF2,1,0,2,FEB
FMF2,1,0,3,FPGA
FMF2,1,0,3,SIPM
FMF2,1,0,3,FEB
FMF2,1,0,4,FPGA
FMF2,1,0,4,SIPM
FMF2,1,0,4,FEB
FMF2,1,0,5,FPGA
FMF2,1,0,5,SIPM
FMF2,1,0,5,FEB
FMF2,1,1,0,FPGA
FMF2,1,1,0,SIPM
FMF2,1,1,0,FEB
FMF2,1,1,1,FPGA
FMF2,1,1,1,SIPM
FMF2,1,1,1,FEB
FMF2,1,2,0,FPGA
FMF2,1,2,0,SIPM
FMF2,1,2,0,FEB
FMF2,1,2,1,FPGA
FMF2,1,2,1,SIPM
FMF2,1,2,1,FEB
FMF2,1,2,2,FPGA
FMF2,1,2,2,SIPM
FMF2,1,2,2,FEB
FMF2,1,2,3,FPGA
FMF2,1,2,3,SIPM
FMF2,1,2,3,FEB
FMF2,1,2,4,FPGA
FMF2,1,2,4,SIPM
FMF2,1,2,4,FEB
FMF2,1,2,5,FPGA
FMF2,1,2,5,SIPM
FMF2,1,2,5,FEB
FMF2,1,3,0,FPGA
FMF2,1,3,0,SIPM
FMF2,1,3,0,FEB
FMF2,1,3,1,FPGA
FMF2,1,3,1,SIPM
FMF2,1,3,1,FEB
FMF2,2,0,0,FPGA
FMF2,2,0,0,SIPM
FMF2,2,0,0,FEB
FMF2,2,0,1,FPGA
FMF2,2,0,1,SIPM
FMF2,2,0,1,FEB
FMF2,2,0,2,FPGA
FMF2,2,0,2,SIPM
FMF2,2,0,2,FEB
FMF2,2,0,3,FPGA
FMF2,2,0,3,SIPM
FMF2,2,0,3,FEB
FMF2,2,0,4,FPGA
FMF2,2,0,4,SIPM
FMF2,2,0,4,FEB
FMF2,2,0,5,FPGA
FMF2,2,0,5,SIPM
FMF2,2,0,5,FEB
FMF2,2,1,0,FPGA
FMF2,2,1,0,SIPM
FMF2,2,1,0,FEB
FMF2,2,1,1,FPGA
FMF2,2,1,1,SIPM
FMF2,2,1,1,FEB
FMF2,2,2,0,FPGA
FMF2,2,2,0,SIPM
FMF2,2,2,0,FEB
FMF2,2,2,1,FPGA
FMF2,2,2,1,SIPM
FMF2,2,2,1,FEB
FMF2,2,2,2,FPGA
FMF2,2,2,2,SIPM
FMF2,2,2,2,FEB
FMF2,2,2,3,FPGA
FMF2,2,2,3,SIPM
FMF2,2,2,3,FEB
FMF2,2,2,4,FPGA
FMF2,2,2,4,SIPM
FMF2,2,2,4,FEB
FMF2,2,2,5,FPGA
FMF2,2,2,5,SIPM
FMF2,2,2,5,FEB
FMF2,2,3,0,FPGA
FMF2,2,3,0,SIPM
FMF2,2,3,0,FEB
FMF2,2,3,1,FPGA
FMF2,2,3,1,SIPM
FMF2,2,3,1,FEB
FMF3,1,0,0,FPGA
FMF3,1,0,0,SIPM
FMF3,1,0,0,FEB
FMF3,1,0,1,FPGA
FMF3,1,0,1,SIPM
FMF3,1,0,1,FEB
FMF3,1,0,2,FPGA
FMF3,1,0,2,SIPM
FMF3,1,0,2,FEB
FMF3,1,0,3,FPGA
FMF3,1,0,3,SIPM
FMF3,1,0,3,FEB
FMF3,1,0,4,FPGA
FMF3,1,0,4,SIPM
FMF3,1,0,4,FEB
FMF3,1,0,5,FPGA
FMF3,1,0,5,SIPM
FMF3,1,0,5,FEB
FMF3,1,1,0,FPGA
FMF3,1,1,0,SIPM
FMF3,1,1,0,FEB
FMF3,1,1,1,FPGA
FMF3,1,1,1,SIPM
FMF3,1,1,1,FEB
FMF3,1,2,0,FPGA
FMF3,1,2,0,SIPM
FMF3,1,2,0,FEB
FMF3,1,2,1,FPGA
FMF3,1,2,1,SIPM
FMF3,1,2,1,FEB
FMF3,1,2,2,FPGA
FMF3,1,2,2,SIPM
FMF3,1,2,2,FEB
FMF3,1,2,3,FPGA
FMF3,1,2,3,SIPM
FMF3,1,2,3,FEB
FMF3,1,2,4,FPGA
FMF3,1,2,4,SIPM
FMF3,1,2,4,FEB
FMF3,1,2,5,FPGA
FMF3,1,2,5,SIPM
FMF3,1,2,5,FEB
FMF3,1,3,0,FPGA
FMF3,1,3,0,SIPM
FMF3,1,3,0,FEB
FMF3,1,3,1,FPGA
FMF3,1,3,1,SIPM
FMF3,1,3,1,FEB
FMF3,2,0,0,FPGA
FMF3,2,0,0,SIPM
FMF3,2,0,0,FEB
FMF3,2,0,1,FPGA
FMF3,2,0,1,SIPM
FMF3,2,0,1,FEB
FMF3,2,0,2,FPGA
FMF3,2,0,2,SIPM
FMF3,2,0,2,FEB
FMF3,2,0,3,FPGA
FMF3,2,0,3,SIPM
FMF3,2,0,3,FEB
FMF3,2,0,4,FPGA
FMF3,2,0,4,SIPM
FMF3,2,0,4,FEB
FMF3,2,0,5,FPGA
FMF3,2,0,5,SIPM
FMF3,2,0,5,FEB
FMF3,2,1,0,FPGA
FMF3,2,1,0,SIPM
FMF3,2,1,0,FEB
FMF3,2,1,1,FPGA
FMF3,2,1,1,SIPM
FMF3,2,1,1,FEB
FMF3,2,2,0,FPGA
FMF3,2,2,0,SIPM
FMF3,2,2,0,FEB
FMF3,2,2,1,FPGA
FMF3,2,2,1,SIPM
FMF3,2,2,1,FEB
FMF3,2,2,2,FPGA
FMF3,2,2,2,SIPM
FMF3,2,2,2,FEB
FMF3,2,2,3,FPGA
FMF3,2,2,3,SIPM
FMF3,2,2,3,FEB
FMF3,2,2,4,FPGA
FMF3,2,2,4,SIPM
FMF3,2,2,4,FEB
FMF3,2,2,5,FPGA
FMF3,2,2,5,SIPM
FMF3,2,2,5,FEB
FMF3,2,3,0,FPGA
FMF3,2,3,0,SIPM
FMF3,2,3,0,FEB
FMF3,2,3,1,FPGA
FMF3,2,3,1,SIPM
FMF3,2,3,1,FEB
FHF1,1,0,0,FPGA
FHF1,1,0,0,SIPM
FHF1,1,0,0,FEB
FHF1,1,0,1,FPGA
FHF1,1,0,1,SIPM
FHF1,1,0,1,FEB
FHF1,1,0,2,FPGA
FHF1,1,0,2,SIPM
FHF1,1,0,2,FEB
FHF1,1,0,3,FPGA
FHF1,1,0,3,SIPM
FHF1,1,0,3,FEB
FHF1,1,0,4,FPGA
FHF1,1,0,4,SIPM
FHF1,1,0,4,FEB
FHF1,1,0,5,FPGA
FHF1,1,0,5,SIPM
FHF1,1,0,5,FEB
FHF1,1,1,0,FPGA
FHF1,1,1,0,SIPM
FHF1,1,1,0,FEB
FHF1,1,1,1,FPGA
FHF1,1,1,1,SIPM
FHF1,1,1,1,FEB
FHF1,1,2,0,FPGA
FHF1,1,2,0,SIPM
FHF1,1,2,0,FEB
FHF1,1,2,1,FPGA
FHF1,1,2,1,SIPM
FHF1,1,2,1,FEB
FHF1,1,2,2,FPGA
FHF1,1,2,2,SIPM
FHF1,1,2,2,FEB
FHF1,1,2,3,FPGA
FHF1,1,2,3,SIPM
FHF1,1,2,3,FEB
FHF1,1,2,4,FPGA
FHF1,1,2,4,SIPM
FHF1,1,2,4,FEB
FHF1,1,2,5,FPGA
FHF1,1,2,5,SIPM
FHF1,1,2,5,FEB
FHF1,1,3,0,FPGA
FHF1,1,3,0,SIPM
FHF1,1,3,0,FEB
FHF1,1,3,1,FPGA
FHF1,1,3,1,SIPM
FHF1,1,3,1,FEB
FHF1,2,0,0,FPGA
FHF1,2,0,0,SIPM
FHF1,2,0,0,FEB
FHF1,2,0,1,FPGA
FHF1,2,0,1,SIPM
FHF1,2,0,1,FEB
FHF1,2,0,2,FPGA
FHF1,2,0,2,SIPM
FHF1,2,0,2,FEB
FHF1,2,0,3,FPGA
FHF1,2,0,3,SIPM
FHF1,2,0,3,FEB
FHF1,2,0,4,FPGA
FHF1,2,0,4,SIPM
FHF1,2,0,4,FEB
FHF1,2,0,5,FPGA
FHF1,2,0,5,SIPM
FHF1,2,0,5,FEB
FHF1,2,1,0,FPGA
FHF1,2,1,0,SIPM
FHF1,2,1,0,FEB
FHF1,2,1,1,FPGA
FHF1,2,1,1,SIPM
FHF1,2,1,1,FEB
FHF1,2,2,0,FPGA
FHF1,2,2,0,SIPM
FHF1,2,2,0,FEB
FHF1,2,2,1,FPGA
FHF1,2,2,1,SIPM
FHF1,2,2,1,FEB
FHF1,2,2,2,FPGA
FHF1,2,2,2,SIPM
FHF1,2,2,2,FEB
FHF1,2,2,3,FPGA
FHF1,2,2,3,SIPM
FHF1,2,2,3,FEB
FHF1,2,2,4,FPGA
FHF1,2,2,4,SIPM
FHF1,2,2,4,FEB
FHF1,2,2,5,FPGA
FHF1,2,2,5,SIPM
FHF1,2,2,5,FEB
FHF1,2,3,0,FPGA
FHF1,2,3,0,SIPM
FHF1,2,3,0,FEB
FHF1,2,3,1,FPGA
FHF1,2,3,1,SIPM
FHF1,2,3,1,FEB
FHF1,3,0,0,FPGA
FHF1,3,0,0,SIPM
FHF1,3,0,0,FEB
FHF1,3,0,1,FPGA
FHF1,3,0,1,SIPM
FHF1,3,0,1,FEB
FHF1,3,0,2,FPGA
FHF1,3,0,2,SIPM
FHF1,3,0,2,FEB
FHF1,3,0,3,FPGA
FHF1,3,0,3,SIPM
FHF1,3,0,3,FEB
FHF1,3,0,4,FPGA
FHF1,3,0,4,SIPM
FHF1,3,0,4,FEB
FHF1,3,0,5,FPGA
FHF1,3,0,5,SIPM
FHF1,3,0,5,FEB
FHF1,3,1,0,FPGA
FHF1,3,1,0,SIPM
FHF1,3,1,0,FEB
FHF1,3,1,1,FPGA
FHF1,3,1,1,SIPM
FHF1,3,1,1,FEB
FHF1,3,2,0,FPGA
FHF1,3,2,0,SIPM
FHF1,3,2,0,FEB
FHF1,3,2,1,FPGA
FHF1,3,2,1,SIPM
FHF1,3,2,1,FEB
FHF1,3,2,2,FPGA
FHF1,3,2,2,SIPM
FHF1,3,2,2,FEB
FHF1,3,2,3,FPGA
FHF1,3,2,3,SIPM
FHF1,3,2,3,FEB
FHF1,3,2,4,FPGA
FHF1,3,2,4,SIPM
FHF1,3,2,4,FEB
FHF1,3,2,5,FPGA
FHF1,3,2,5,SIPM
FHF1,3,2,5,FEB
FHF1,3,3,0,FPGA
FHF1,3,3,0,SIPM
FHF1,3,3,0,FEB
FHF1,3,3,1,FPGA
FHF1,3,3,1,SIPM
FHF1,3,3,1,FEB
